Name,Skill,Therapy,Associated Feelings/Emotions,Associated Behaviours
ACCEPTS,Distress Tolerance,DBT,"Stressed, Overwhelmed",
IMPROVE,Distress Tolerance,DBT,,
TIPP,Distress Tolerance,DBT,,
PLEASE,Emotional Regulation,DBT,,
Build MASTERy,Emotional Regulation,DBT,,
DEAR MAN,Interpersonal Effectiveness,DBT,,
GIVE FAST,Interpersonal Effectiveness,DBT,,
HOW Skills,Mindfulness,DBT,,
WHAT Skills,Mindfulness,DBT,,
Behaviour Chain,1,CBT,,
Journaling,1,CBT,,
Relaxed Breathing,1,CBT,,
Play the Script until the end,1,CBT,,
Unraveling Cognitive Distortions,1,CBT,,
Progressive Muscle Relaxation,2,CBT,,
Cognitive Restructing,2,CBT,,
Interoceptive Exposure,2,CBT,,
Exposure and Response Prevention,2,CBT,,
Nightmare Exposure and Rescripting,3,CBT,,
Anchor Breathing,3,ACT,,
Cognitive Defusion,3,ACT,,
Struggle Switch,3,ACT,,
Observing Anxiety Mindfully,3,ACT,,
Radio Doom and Gloom,3,ACT,,
Thank your mind and name the story,3,ACT,,
Body Scan and Relaxation,Meditation,Self-Compassion,,
Creating a Safe Place,Meditation,Self-Compassion,,
Compassionate Colours,Meditation,Self-Compassion,,
The Compassioante Self,Meditation,Self-Compassion,,
Compassioante Flowing Out,Meditation,Self-Compassion,,
Creating a Compassioante Ideal,Meditation,Self-Compassion,,
Self-Compassion Break,4,Self-Compassion,,
Social Safety Behaviours,4,Self-Compassion,,
Self-Compassion Matrix,4,Self-Compassion,,
Transform Shame,4,Self-Compassion,,
Window of Tolerance,4,Self-Compassion,,
RAIN,4,Self-Compassion,,
